{
  "Nlimn": 120940.18113338742,
  "Vfu": 195811.0,
  "Hhot": 11508.0,
  "Vwu": 120940.18113338742,
  "Wti": 195811.0
}